{"cameraMode":{"drawMode":0,"name":"Shaded","section":"Shading Mode"},"sceneLighting":true,"audioPlay":false,"sceneViewState":{"m_AlwaysRefresh":false,"showFog":true,"showSkybox":true,"showFlares":true,"showImageEffects":true,"showParticleSystems":true,"showVisualEffectGraphs":true,"m_FxEnabled":true},"in2DMode":false,"pivot":{"x":-0.004100680351257324,"y":0.6505398750305176,"z":-0.6148464679718018},"rotation":{"x":0.5251403450965881,"y":-0.4687722623348236,"z":0.4441170394420624,"w":0.5542919635772705},"size":1.8389208316802979,"orthographic":false}